,adjectives/ adverbs expressing possibility,collaborative finishes,noun & verb collocation in proper form,question-based responses,tense choice to indicate interactive aims,formulaic responses,backchannels,impersonal subject + non-factive verb + NP,negotiation of meaning,subordinate clauses,reference word,feedback in the next turn,routinized resources,code-switching for communicative purposes,topic extension with the same content,overall tone choice: very formal,overall tone choice: quite formal and some expressions are not that formal,topic extension with clear new context,"overall tone choice: relatively not formal, most expressions are quite informal",overall tone choice: very informal,topic extension under the previous direction,repeat and no topic extension,no topic extension and stop the topic at this point,"overall tone choice: quite informal, but some expressions are still formal",label,P-V,Q-R,U-Y,S,T,W,X,Z
0,0.0,0.0,0.0,0.0,0.0,0.0,0.0,0.0,0.0,0.0,10.0,0.0,0.0,0.0,0.0,0.0,0.0,0.0,0.0,0.0,0.0,0.0,0.0,0.0,Neutral,0-0,0-0,0-0,0,0,0,0,Neutral
10,0.0,0.0,3.0,0.0,0.0,0.0,0.0,0.0,0.0,0.0,6.0,0.0,0.0,0.0,0.0,0.0,0.0,0.0,0.0,0.0,0.0,0.0,0.0,0.0,Neutral,0-0,0-0,0-0,0,0,0,0,Neutral
20,0.0,0.0,1.0,0.0,2.0,0.0,0.0,0.0,0.0,2.0,5.0,0.0,0.0,0.0,0.0,0.0,0.0,0.0,0.0,0.0,0.0,0.0,0.0,0.0,Formal,0-0,0-0,0-0,0,0,0,0,Formal
30,0.0,0.0,1.0,0.0,0.0,0.0,0.0,0.0,1.0,0.0,6.0,0.0,2.0,0.0,0.0,0.0,0.0,0.0,0.0,0.0,0.0,0.0,0.0,0.0,Neutral,0-0,0-0,0-0,0,0,0,0,Neutral
40,0.0,0.0,2.0,0.0,1.0,0.0,0.0,0.0,1.0,0.0,4.0,0.0,0.0,0.0,2.0,0.0,0.0,0.0,0.0,0.0,0.0,0.0,0.0,0.0,Neutral,2-0,0-0,0-0,0,0,0,0,Neutral
50,0.0,0.0,6.0,0.0,0.0,0.0,0.0,0.0,1.0,0.0,1.0,0.0,1.0,0.0,0.0,1.0,0.0,0.0,0.0,0.0,0.0,0.0,0.0,0.0,Neutral,0-0,1-0,0-0,0,0,0,0,Neutral
60,0.0,0.0,1.0,2.0,2.0,0.0,0.0,0.0,1.0,1.0,3.0,0.0,0.0,0.0,0.0,0.0,0.0,0.0,0.0,0.0,0.0,0.0,0.0,0.0,Formal,0-0,0-0,0-0,0,0,0,0,Formal
70,0.0,0.0,2.0,0.0,3.0,1.0,1.0,0.0,0.0,1.0,2.0,0.0,0.0,0.0,0.0,0.0,0.0,0.0,0.0,0.0,0.0,0.0,0.0,0.0,Informal,0-0,0-0,0-0,0,0,0,0,Informal
80,1.0,0.0,3.0,1.0,0.0,1.0,0.0,0.0,1.0,0.0,3.0,0.0,0.0,0.0,0.0,0.0,0.0,0.0,0.0,0.0,0.0,0.0,0.0,0.0,Neutral,0-0,0-0,0-0,0,0,0,0,Neutral
90,1.0,0.0,1.0,0.0,2.0,1.0,1.0,0.0,0.0,0.0,4.0,0.0,0.0,0.0,0.0,0.0,0.0,0.0,0.0,0.0,0.0,0.0,0.0,0.0,Informal,0-0,0-0,0-0,0,0,0,0,Informal
100,1.0,0.0,1.0,0.0,0.0,0.0,2.0,0.0,0.0,2.0,4.0,0.0,0.0,0.0,0.0,0.0,0.0,0.0,0.0,0.0,0.0,0.0,0.0,0.0,Informal,0-0,0-0,0-0,0,0,0,0,Informal
110,0.0,0.0,2.0,2.0,0.0,0.0,0.0,0.0,1.0,0.0,4.0,0.0,0.0,0.0,0.0,1.0,0.0,0.0,0.0,0.0,0.0,0.0,0.0,0.0,Neutral,0-0,1-0,0-0,0,0,0,0,Neutral
120,2.0,0.0,1.0,0.0,0.0,0.0,0.0,0.0,0.0,1.0,5.0,0.0,0.0,0.0,0.0,1.0,0.0,0.0,0.0,0.0,0.0,0.0,0.0,0.0,Formal,0-0,1-0,0-0,0,0,0,0,Formal
130,0.0,0.0,4.0,0.0,0.0,1.0,0.0,0.0,0.0,0.0,4.0,0.0,0.0,0.0,1.0,0.0,0.0,0.0,0.0,0.0,0.0,0.0,0.0,0.0,Neutral,1-0,0-0,0-0,0,0,0,0,Neutral
140,1.0,0.0,2.0,1.0,0.0,2.0,0.0,0.0,0.0,1.0,3.0,0.0,0.0,0.0,0.0,0.0,0.0,0.0,0.0,0.0,0.0,0.0,0.0,0.0,Formal,0-0,0-0,0-0,0,0,0,0,Formal
150,1.0,0.0,1.0,1.0,0.0,0.0,0.0,0.0,3.0,0.0,4.0,0.0,0.0,0.0,0.0,0.0,0.0,0.0,0.0,0.0,0.0,0.0,0.0,0.0,Neutral,0-0,0-0,0-0,0,0,0,0,Neutral
160,0.0,0.0,1.0,1.0,2.0,0.0,1.0,0.0,1.0,2.0,2.0,0.0,0.0,0.0,0.0,0.0,0.0,0.0,0.0,0.0,0.0,0.0,0.0,0.0,Informal,0-0,0-0,0-0,0,0,0,0,Informal
170,0.0,0.0,1.0,0.0,1.0,0.0,1.0,0.0,0.0,0.0,4.0,0.0,1.0,0.0,0.0,2.0,0.0,0.0,0.0,0.0,0.0,0.0,0.0,0.0,Informal,0-0,2-0,0-0,0,0,0,0,Informal
180,1.0,0.0,1.0,0.0,0.0,0.0,2.0,0.0,0.0,0.0,6.0,0.0,0.0,0.0,0.0,0.0,0.0,0.0,0.0,0.0,0.0,0.0,0.0,0.0,Informal,0-0,0-0,0-0,0,0,0,0,Informal
190,0.0,0.0,1.0,0.0,0.0,0.0,1.0,0.0,1.0,0.0,5.0,2.0,0.0,0.0,0.0,0.0,0.0,0.0,0.0,0.0,0.0,0.0,0.0,0.0,Informal,0-0,0-0,0-0,0,0,0,0,Informal
200,0.0,0.0,1.0,1.0,0.0,1.0,1.0,0.0,1.0,0.0,1.0,2.0,1.0,0.0,1.0,0.0,0.0,0.0,0.0,0.0,0.0,0.0,0.0,0.0,Informal,1-0,0-0,0-0,0,0,0,0,Informal
210,0.0,0.0,2.0,0.0,0.0,0.0,0.0,0.0,0.0,0.0,6.0,0.0,1.0,1.0,0.0,0.0,0.0,0.0,0.0,0.0,0.0,0.0,0.0,0.0,Informal,0-0,0-0,0-0,0,0,0,0,Informal
220,2.0,0.0,0.0,0.0,0.0,0.0,1.0,0.0,0.0,0.0,4.0,2.0,0.0,0.0,0.0,1.0,0.0,0.0,0.0,0.0,0.0,0.0,0.0,0.0,Informal,0-0,1-0,0-0,0,0,0,0,Informal
230,0.0,0.0,0.0,0.0,0.0,0.0,1.0,0.0,0.0,0.0,4.0,2.0,0.0,2.0,1.0,0.0,0.0,0.0,0.0,0.0,0.0,0.0,0.0,0.0,Informal,1-0,0-0,0-0,0,0,0,0,Informal
240,0.0,0.0,1.0,0.0,0.0,0.0,0.0,0.0,0.0,0.0,6.0,1.0,2.0,0.0,0.0,0.0,0.0,0.0,0.0,0.0,0.0,0.0,0.0,0.0,Neutral,0-0,0-0,0-0,0,0,0,0,Neutral
250,1.0,0.0,0.0,0.0,0.0,1.0,1.0,0.0,0.0,2.0,5.0,0.0,0.0,0.0,0.0,0.0,0.0,0.0,0.0,0.0,0.0,0.0,0.0,0.0,Informal,0-0,0-0,0-0,0,0,0,0,Informal
260,0.0,0.0,2.0,1.0,0.0,0.0,1.0,0.0,0.0,0.0,4.0,2.0,0.0,0.0,0.0,0.0,0.0,0.0,0.0,0.0,0.0,0.0,0.0,0.0,Informal,0-0,0-0,0-0,0,0,0,0,Informal
270,0.0,1.0,2.0,0.0,2.0,0.0,2.0,0.0,0.0,0.0,2.0,0.0,0.0,0.0,1.0,0.0,0.0,0.0,0.0,0.0,0.0,0.0,0.0,0.0,Informal,1-0,0-0,0-0,0,0,0,0,Informal
280,0.0,0.0,4.0,0.0,0.0,0.0,0.0,0.0,0.0,0.0,6.0,0.0,0.0,0.0,0.0,0.0,0.0,0.0,0.0,0.0,0.0,0.0,0.0,0.0,Neutral,0-0,0-0,0-0,0,0,0,0,Neutral
290,0.0,0.0,2.0,0.0,1.0,0.0,0.0,0.0,0.0,0.0,7.0,0.0,0.0,0.0,0.0,0.0,0.0,0.0,0.0,0.0,0.0,0.0,0.0,0.0,Neutral,0-0,0-0,0-0,0,0,0,0,Neutral
300,0.0,1.0,0.0,1.0,2.0,0.0,0.0,0.0,0.0,0.0,6.0,0.0,0.0,0.0,0.0,0.0,0.0,0.0,0.0,0.0,0.0,0.0,0.0,0.0,Informal,0-0,0-0,0-0,0,0,0,0,Informal
310,0.0,1.0,0.0,1.0,1.0,0.0,2.0,0.0,0.0,0.0,5.0,0.0,0.0,0.0,0.0,0.0,0.0,0.0,0.0,0.0,0.0,0.0,0.0,0.0,Informal,0-0,0-0,0-0,0,0,0,0,Informal
320,0.0,0.0,0.0,0.0,2.0,0.0,2.0,0.0,0.0,0.0,5.0,0.0,0.0,0.0,1.0,0.0,0.0,0.0,0.0,0.0,0.0,0.0,0.0,0.0,Informal,1-0,0-0,0-0,0,0,0,0,Informal
330,0.0,0.0,0.0,0.0,0.0,0.0,0.0,0.0,0.0,2.0,8.0,0.0,0.0,0.0,0.0,0.0,0.0,0.0,0.0,0.0,0.0,0.0,0.0,0.0,Formal,0-0,0-0,0-0,0,0,0,0,Formal
340,0.0,0.0,0.0,3.0,0.0,0.0,1.0,0.0,0.0,2.0,2.0,2.0,0.0,0.0,0.0,0.0,0.0,0.0,0.0,0.0,0.0,0.0,0.0,0.0,Informal,0-0,0-0,0-0,0,0,0,0,Informal
350,0.0,0.0,0.0,0.0,0.0,0.0,1.0,0.0,0.0,2.0,6.0,1.0,0.0,0.0,0.0,0.0,0.0,0.0,0.0,0.0,0.0,0.0,0.0,0.0,Informal,0-0,0-0,0-0,0,0,0,0,Informal
360,0.0,0.0,0.0,1.0,0.0,0.0,1.0,0.0,0.0,1.0,7.0,0.0,0.0,0.0,0.0,0.0,0.0,0.0,0.0,0.0,0.0,0.0,0.0,0.0,Informal,0-0,0-0,0-0,0,0,0,0,Informal
370,0.0,0.0,0.0,0.0,1.0,0.0,1.0,0.0,0.0,1.0,6.0,1.0,0.0,0.0,0.0,0.0,0.0,0.0,0.0,0.0,0.0,0.0,0.0,0.0,Informal,0-0,0-0,0-0,0,0,0,0,Informal
380,0.0,0.0,0.0,0.0,0.0,0.0,0.0,0.0,0.0,2.0,8.0,0.0,0.0,0.0,0.0,0.0,0.0,0.0,0.0,0.0,0.0,0.0,0.0,0.0,Formal,0-0,0-0,0-0,0,0,0,0,Formal
390,1.0,0.0,0.0,0.0,1.0,0.0,0.0,0.0,0.0,0.0,6.0,0.0,0.0,0.0,0.0,0.0,1.0,1.0,0.0,0.0,0.0,0.0,0.0,0.0,Neutral,0-0,0-1,0-0,1,0,0,0,Neutral
400,0.0,0.0,0.0,0.0,0.0,0.0,0.0,0.0,0.0,0.0,9.0,0.0,0.0,0.0,0.0,0.0,0.0,0.0,1.0,0.0,0.0,0.0,0.0,0.0,Neutral,0-0,0-0,0-0,0,1,0,0,Neutral
410,0.0,0.0,0.0,0.0,1.0,0.0,0.0,0.0,0.0,0.0,7.0,0.0,0.0,0.0,0.0,0.0,0.0,2.0,0.0,0.0,0.0,0.0,0.0,0.0,Neutral,0-0,0-0,0-0,2,0,0,0,Neutral
420,0.0,0.0,0.0,0.0,2.0,0.0,0.0,0.0,0.0,2.0,3.0,0.0,0.0,0.0,0.0,0.0,1.0,0.0,2.0,0.0,0.0,0.0,0.0,0.0,Formal,0-0,0-1,0-0,0,2,0,0,Formal
430,3.0,0.0,0.0,0.0,1.0,0.0,0.0,0.0,0.0,1.0,3.0,0.0,0.0,0.0,0.0,0.0,0.0,1.0,0.0,1.0,0.0,0.0,0.0,0.0,Formal,0-0,0-0,1-0,1,0,0,0,Formal
440,3.0,0.0,0.0,0.0,2.0,0.0,0.0,0.0,0.0,0.0,4.0,0.0,0.0,0.0,0.0,0.0,0.0,0.0,0.0,0.0,1.0,0.0,0.0,0.0,Neutral,0-1,0-0,0-0,0,0,0,0,Neutral
450,3.0,0.0,0.0,0.0,1.0,0.0,0.0,0.0,0.0,0.0,5.0,0.0,0.0,0.0,0.0,0.0,1.0,0.0,0.0,0.0,0.0,0.0,0.0,0.0,Neutral,0-0,0-1,0-0,0,0,0,0,Neutral
460,1.0,0.0,0.0,0.0,0.0,0.0,0.0,0.0,0.0,0.0,7.0,0.0,0.0,0.0,0.0,0.0,0.0,1.0,0.0,0.0,0.0,1.0,0.0,0.0,Neutral,0-0,0-0,0-0,1,0,1,0,Neutral
470,0.0,0.0,0.0,0.0,0.0,0.0,0.0,0.0,0.0,0.0,9.0,0.0,0.0,0.0,0.0,0.0,0.0,0.0,0.0,1.0,0.0,0.0,0.0,0.0,Neutral,0-0,0-0,1-0,0,0,0,0,Neutral
480,3.0,0.0,0.0,0.0,0.0,0.0,0.0,0.0,0.0,0.0,2.0,0.0,0.0,0.0,0.0,0.0,0.0,1.0,0.0,0.0,0.0,3.0,1.0,0.0,Neutral,0-0,0-0,0-0,1,0,3,1,Neutral
490,0.0,0.0,4.0,0.0,0.0,0.0,0.0,0.0,0.0,0.0,4.0,0.0,0.0,0.0,0.0,0.0,0.0,0.0,0.0,0.0,0.0,0.0,1.0,0.0,Neutral,0-0,0-0,0-0,0,0,0,1,Neutral
500,0.0,0.0,0.0,0.0,0.0,0.0,0.0,0.0,0.0,0.0,10.0,0.0,0.0,0.0,0.0,0.0,0.0,0.0,0.0,0.0,0.0,0.0,0.0,0.0,Neutral,0-0,0-0,0-0,0,0,0,0,Neutral
510,0.0,0.0,2.0,0.0,0.0,0.0,0.0,0.0,0.0,0.0,8.0,0.0,0.0,0.0,0.0,0.0,0.0,0.0,0.0,0.0,0.0,0.0,0.0,0.0,Neutral,0-0,0-0,0-0,0,0,0,0,Neutral
520,0.0,0.0,3.0,0.0,0.0,0.0,0.0,0.0,2.0,0.0,5.0,0.0,0.0,0.0,0.0,0.0,0.0,0.0,0.0,0.0,0.0,0.0,0.0,0.0,Neutral,0-0,0-0,0-0,0,0,0,0,Neutral
530,0.0,0.0,1.0,0.0,0.0,0.0,7.0,0.0,1.0,0.0,1.0,0.0,0.0,0.0,0.0,0.0,0.0,0.0,0.0,0.0,0.0,0.0,0.0,0.0,Informal,0-0,0-0,0-0,0,0,0,0,Informal
540,0.0,0.0,0.0,0.0,0.0,0.0,6.0,0.0,0.0,0.0,4.0,0.0,0.0,0.0,0.0,0.0,0.0,0.0,0.0,0.0,0.0,0.0,0.0,0.0,Informal,0-0,0-0,0-0,0,0,0,0,Informal
550,0.0,0.0,0.0,0.0,0.0,0.0,0.0,0.0,0.0,0.0,10.0,0.0,0.0,0.0,0.0,0.0,0.0,0.0,0.0,0.0,0.0,0.0,0.0,0.0,Neutral,0-0,0-0,0-0,0,0,0,0,Neutral
560,0.0,0.0,0.0,0.0,0.0,0.0,5.0,0.0,0.0,0.0,5.0,0.0,0.0,0.0,0.0,0.0,0.0,0.0,0.0,0.0,0.0,0.0,0.0,0.0,Informal,0-0,0-0,0-0,0,0,0,0,Informal
570,0.0,0.0,0.0,1.0,0.0,0.0,2.0,0.0,0.0,0.0,7.0,0.0,0.0,0.0,0.0,0.0,0.0,0.0,0.0,0.0,0.0,0.0,0.0,0.0,Informal,0-0,0-0,0-0,0,0,0,0,Informal
580,0.0,0.0,0.0,1.0,0.0,2.0,0.0,0.0,0.0,0.0,7.0,0.0,0.0,0.0,0.0,0.0,0.0,0.0,0.0,0.0,0.0,0.0,0.0,0.0,Neutral,0-0,0-0,0-0,0,0,0,0,Neutral
590,0.0,0.0,0.0,0.0,0.0,0.0,0.0,0.0,1.0,0.0,8.0,0.0,0.0,0.0,0.0,0.0,0.0,0.0,0.0,0.0,0.0,1.0,0.0,0.0,Neutral,0-0,0-0,0-0,0,0,1,0,Neutral
600,0.0,0.0,0.0,0.0,0.0,1.0,0.0,0.0,0.0,0.0,7.0,0.0,0.0,0.0,0.0,0.0,0.0,0.0,0.0,0.0,0.0,1.0,1.0,0.0,Neutral,0-0,0-0,0-0,0,0,1,1,Neutral
610,0.0,0.0,0.0,0.0,0.0,1.0,0.0,0.0,0.0,0.0,8.0,0.0,0.0,0.0,0.0,0.0,0.0,0.0,0.0,0.0,0.0,1.0,0.0,0.0,Neutral,0-0,0-0,0-0,0,0,1,0,Neutral
620,0.0,0.0,1.0,0.0,0.0,0.0,0.0,0.0,0.0,0.0,6.0,0.0,0.0,0.0,0.0,0.0,0.0,0.0,0.0,0.0,0.0,1.0,2.0,0.0,Neutral,0-0,0-0,0-0,0,0,1,2,Neutral
630,0.0,0.0,2.0,0.0,3.0,0.0,0.0,0.0,0.0,1.0,3.0,0.0,0.0,0.0,0.0,0.0,0.0,0.0,0.0,0.0,0.0,0.0,0.0,0.0,Formal,0-0,0-0,0-0,0,0,0,0,Formal
640,0.0,0.0,1.0,0.0,2.0,0.0,0.0,0.0,0.0,1.0,6.0,0.0,0.0,0.0,0.0,0.0,0.0,0.0,0.0,0.0,0.0,0.0,0.0,0.0,Formal,0-0,0-0,0-0,0,0,0,0,Formal
650,0.0,0.0,3.0,0.0,0.0,0.0,0.0,0.0,0.0,2.0,4.0,0.0,0.0,0.0,0.0,0.0,0.0,0.0,0.0,0.0,0.0,0.0,0.0,1.0,Formal,0-0,0-0,0-1,0,0,0,0,Formal
660,0.0,0.0,0.0,0.0,2.0,0.0,0.0,0.0,0.0,0.0,8.0,0.0,0.0,0.0,0.0,0.0,0.0,0.0,0.0,0.0,0.0,0.0,0.0,0.0,Neutral,0-0,0-0,0-0,0,0,0,0,Neutral
670,0.0,0.0,3.0,1.0,1.0,1.0,0.0,0.0,1.0,0.0,3.0,0.0,0.0,0.0,0.0,0.0,0.0,0.0,0.0,0.0,0.0,0.0,0.0,0.0,Neutral,0-0,0-0,0-0,0,0,0,0,Neutral
680,0.0,0.0,2.0,2.0,2.0,0.0,2.0,0.0,2.0,0.0,0.0,0.0,0.0,0.0,0.0,0.0,0.0,0.0,0.0,0.0,0.0,0.0,0.0,0.0,Informal,0-0,0-0,0-0,0,0,0,0,Informal
690,0.0,0.0,3.0,0.0,0.0,0.0,2.0,0.0,0.0,0.0,4.0,0.0,0.0,0.0,0.0,0.0,0.0,1.0,0.0,0.0,0.0,0.0,0.0,0.0,Informal,0-0,0-0,0-0,1,0,0,0,Informal
700,0.0,0.0,1.0,0.0,0.0,0.0,5.0,0.0,1.0,0.0,1.0,0.0,1.0,0.0,0.0,0.0,0.0,1.0,0.0,0.0,0.0,0.0,0.0,0.0,Informal,0-0,0-0,0-0,1,0,0,0,Informal
710,0.0,0.0,0.0,0.0,1.0,0.0,1.0,1.0,2.0,0.0,2.0,0.0,2.0,0.0,0.0,0.0,0.0,1.0,0.0,0.0,0.0,0.0,0.0,0.0,Informal,0-0,0-0,0-0,1,0,0,0,Informal
720,0.0,0.0,3.0,0.0,0.0,0.0,0.0,0.0,3.0,0.0,3.0,0.0,1.0,0.0,0.0,0.0,0.0,0.0,0.0,0.0,0.0,0.0,0.0,0.0,Neutral,0-0,0-0,0-0,0,0,0,0,Neutral
730,0.0,0.0,3.0,0.0,0.0,0.0,0.0,0.0,1.0,2.0,4.0,0.0,0.0,0.0,0.0,0.0,0.0,0.0,0.0,0.0,0.0,0.0,0.0,0.0,Formal,0-0,0-0,0-0,0,0,0,0,Formal
740,0.0,0.0,0.0,0.0,1.0,0.0,0.0,0.0,2.0,1.0,5.0,0.0,1.0,0.0,0.0,0.0,0.0,0.0,0.0,0.0,0.0,0.0,0.0,0.0,Formal,0-0,0-0,0-0,0,0,0,0,Formal
750,0.0,0.0,2.0,0.0,0.0,0.0,2.0,0.0,1.0,0.0,2.0,1.0,0.0,2.0,0.0,0.0,0.0,0.0,0.0,0.0,0.0,0.0,0.0,0.0,Informal,0-0,0-0,0-0,0,0,0,0,Informal
760,0.0,0.0,2.0,1.0,0.0,0.0,4.0,0.0,1.0,0.0,0.0,0.0,0.0,1.0,0.0,0.0,0.0,1.0,0.0,0.0,0.0,0.0,0.0,0.0,Informal,0-0,0-0,0-0,1,0,0,0,Informal
770,0.0,0.0,0.0,2.0,2.0,0.0,1.0,0.0,0.0,2.0,2.0,0.0,1.0,0.0,0.0,0.0,0.0,0.0,0.0,0.0,0.0,0.0,0.0,0.0,Informal,0-0,0-0,0-0,0,0,0,0,Informal
780,0.0,0.0,3.0,0.0,1.0,1.0,3.0,0.0,0.0,0.0,1.0,0.0,0.0,0.0,0.0,0.0,0.0,0.0,0.0,0.0,0.0,1.0,0.0,0.0,Informal,0-0,0-0,0-0,0,0,1,0,Informal
790,0.0,0.0,3.0,0.0,0.0,0.0,4.0,0.0,1.0,0.0,1.0,1.0,0.0,0.0,0.0,0.0,0.0,0.0,0.0,0.0,0.0,0.0,0.0,0.0,Informal,0-0,0-0,0-0,0,0,0,0,Informal
800,0.0,0.0,1.0,0.0,1.0,0.0,2.0,0.0,1.0,0.0,5.0,0.0,0.0,0.0,0.0,0.0,0.0,0.0,0.0,0.0,0.0,0.0,0.0,0.0,Informal,0-0,0-0,0-0,0,0,0,0,Informal
810,0.0,0.0,2.0,1.0,0.0,1.0,3.0,0.0,0.0,0.0,3.0,0.0,0.0,0.0,0.0,0.0,0.0,0.0,0.0,0.0,0.0,0.0,0.0,0.0,Informal,0-0,0-0,0-0,0,0,0,0,Informal
820,0.0,1.0,1.0,0.0,0.0,0.0,3.0,0.0,0.0,1.0,2.0,0.0,0.0,1.0,0.0,0.0,0.0,1.0,0.0,0.0,0.0,0.0,0.0,0.0,Informal,0-0,0-0,0-0,1,0,0,0,Informal
830,0.0,0.0,2.0,1.0,0.0,2.0,2.0,0.0,1.0,1.0,0.0,0.0,0.0,0.0,0.0,0.0,0.0,0.0,0.0,0.0,0.0,0.0,0.0,1.0,Informal,0-0,0-0,0-1,0,0,0,0,Informal
840,0.0,0.0,2.0,0.0,0.0,1.0,3.0,0.0,0.0,1.0,2.0,0.0,1.0,0.0,0.0,0.0,0.0,0.0,0.0,0.0,0.0,0.0,0.0,0.0,Informal,0-0,0-0,0-0,0,0,0,0,Informal
850,0.0,0.0,1.0,0.0,0.0,0.0,4.0,0.0,2.0,0.0,2.0,0.0,0.0,0.0,0.0,0.0,0.0,0.0,0.0,0.0,0.0,1.0,0.0,0.0,Informal,0-0,0-0,0-0,0,0,1,0,Informal
860,0.0,1.0,1.0,0.0,0.0,0.0,2.0,0.0,0.0,0.0,3.0,0.0,0.0,0.0,0.0,0.0,0.0,0.0,1.0,0.0,0.0,0.0,0.0,1.0,Informal,0-0,0-0,0-1,0,1,0,0,Informal
870,0.0,0.0,1.0,0.0,2.0,0.0,0.0,0.0,0.0,1.0,5.0,0.0,0.0,0.0,0.0,0.0,0.0,1.0,0.0,0.0,0.0,0.0,0.0,0.0,Formal,0-0,0-0,0-0,1,0,0,0,Formal
880,0.0,0.0,0.0,1.0,1.0,0.0,0.0,0.0,1.0,1.0,5.0,0.0,0.0,0.0,0.0,0.0,0.0,0.0,0.0,0.0,0.0,0.0,0.0,1.0,Formal,0-0,0-0,0-1,0,0,0,0,Formal
890,0.0,0.0,3.0,0.0,1.0,0.0,1.0,0.0,1.0,0.0,0.0,0.0,0.0,0.0,0.0,0.0,4.0,0.0,0.0,0.0,0.0,0.0,0.0,0.0,Informal,0-0,0-4,0-0,0,0,0,0,Informal
900,0.0,0.0,1.0,1.0,1.0,2.0,1.0,0.0,1.0,1.0,1.0,0.0,0.0,0.0,0.0,0.0,1.0,0.0,0.0,0.0,0.0,0.0,0.0,0.0,Informal,0-0,0-1,0-0,0,0,0,0,Informal
910,0.0,0.0,3.0,0.0,0.0,0.0,2.0,0.0,0.0,0.0,4.0,0.0,0.0,0.0,0.0,0.0,0.0,1.0,0.0,0.0,0.0,0.0,0.0,0.0,Informal,0-0,0-0,0-0,1,0,0,0,Informal
920,0.0,0.0,0.0,0.0,2.0,0.0,0.0,0.0,1.0,2.0,5.0,0.0,0.0,0.0,0.0,0.0,0.0,0.0,0.0,0.0,0.0,0.0,0.0,0.0,Formal,0-0,0-0,0-0,0,0,0,0,Formal
930,0.0,0.0,0.0,1.0,1.0,2.0,0.0,0.0,1.0,2.0,2.0,0.0,0.0,0.0,0.0,0.0,1.0,0.0,0.0,0.0,0.0,0.0,0.0,0.0,Formal,0-0,0-1,0-0,0,0,0,0,Formal
940,0.0,0.0,0.0,1.0,0.0,2.0,0.0,0.0,0.0,2.0,4.0,0.0,0.0,0.0,0.0,0.0,0.0,1.0,0.0,0.0,0.0,0.0,0.0,0.0,Formal,0-0,0-0,0-0,1,0,0,0,Formal
950,0.0,0.0,0.0,1.0,1.0,2.0,1.0,0.0,0.0,1.0,2.0,0.0,0.0,0.0,0.0,0.0,0.0,0.0,0.0,1.0,0.0,0.0,0.0,1.0,Informal,0-0,0-0,1-1,0,0,0,0,Informal
960,0.0,0.0,1.0,0.0,2.0,0.0,0.0,0.0,0.0,0.0,3.0,0.0,0.0,0.0,0.0,0.0,1.0,0.0,0.0,1.0,2.0,0.0,0.0,0.0,Neutral,0-2,0-1,1-0,0,0,0,0,Neutral
970,0.0,0.0,2.0,0.0,0.0,2.0,1.0,0.0,0.0,0.0,3.0,0.0,0.0,0.0,0.0,0.0,0.0,0.0,0.0,1.0,1.0,0.0,0.0,0.0,Informal,0-1,0-0,1-0,0,0,0,0,Informal
980,0.0,0.0,0.0,1.0,2.0,1.0,1.0,0.0,0.0,0.0,2.0,0.0,0.0,0.0,0.0,0.0,0.0,0.0,0.0,0.0,1.0,0.0,1.0,1.0,Informal,0-1,0-0,0-1,0,0,0,1,Informal
990,0.0,0.0,0.0,0.0,2.0,1.0,1.0,0.0,1.0,0.0,4.0,0.0,0.0,0.0,0.0,0.0,0.0,0.0,0.0,1.0,0.0,0.0,0.0,0.0,Informal,0-0,0-0,1-0,0,0,0,0,Informal
1000,0.0,0.0,1.0,0.0,2.0,1.0,0.0,0.0,1.0,3.0,2.0,0.0,0.0,0.0,0.0,0.0,0.0,0.0,0.0,0.0,0.0,0.0,0.0,0.0,Formal,0-0,0-0,0-0,0,0,0,0,Formal
1010,0.0,0.0,0.0,0.0,0.0,0.0,1.0,0.0,2.0,0.0,0.0,5.0,0.0,0.0,0.0,0.0,0.0,0.0,0.0,2.0,0.0,0.0,0.0,0.0,Informal,0-0,0-0,2-0,0,0,0,0,Informal
1020,0.0,0.0,0.0,0.0,0.0,2.0,2.0,0.0,0.0,0.0,2.0,3.0,0.0,0.0,0.0,0.0,0.0,0.0,0.0,0.0,0.0,0.0,0.0,1.0,Informal,0-0,0-0,0-1,0,0,0,0,Informal
1030,0.0,1.0,1.0,0.0,1.0,1.0,0.0,0.0,1.0,1.0,2.0,0.0,0.0,0.0,0.0,0.0,2.0,0.0,0.0,0.0,0.0,0.0,0.0,0.0,Informal,0-0,0-2,0-0,0,0,0,0,Informal
1040,0.0,0.0,2.0,0.0,1.0,0.0,2.0,0.0,2.0,0.0,0.0,1.0,0.0,0.0,0.0,0.0,0.0,0.0,2.0,0.0,0.0,0.0,0.0,0.0,Informal,0-0,0-0,0-0,0,2,0,0,Informal
1050,0.0,1.0,0.0,0.0,1.0,0.0,1.0,0.0,0.0,1.0,3.0,2.0,0.0,0.0,0.0,0.0,1.0,0.0,0.0,0.0,0.0,0.0,0.0,0.0,Informal,0-0,0-1,0-0,0,0,0,0,Informal
1060,0.0,0.0,0.0,0.0,1.0,1.0,2.0,0.0,1.0,0.0,2.0,3.0,0.0,0.0,0.0,0.0,0.0,0.0,0.0,0.0,0.0,0.0,0.0,0.0,Informal,0-0,0-0,0-0,0,0,0,0,Informal
1070,0.0,1.0,0.0,0.0,2.0,1.0,1.0,0.0,2.0,1.0,1.0,0.0,0.0,0.0,0.0,0.0,1.0,0.0,0.0,0.0,0.0,0.0,0.0,0.0,Informal,0-0,0-1,0-0,0,0,0,0,Informal
1080,0.0,0.0,0.0,0.0,0.0,0.0,0.0,0.0,3.0,3.0,4.0,0.0,0.0,0.0,0.0,0.0,0.0,0.0,0.0,0.0,0.0,0.0,0.0,0.0,Formal,0-0,0-0,0-0,0,0,0,0,Formal
1090,0.0,2.0,1.0,0.0,1.0,0.0,2.0,0.0,0.0,0.0,2.0,1.0,0.0,0.0,0.0,0.0,0.0,0.0,0.0,0.0,0.0,0.0,1.0,0.0,Informal,0-0,0-0,0-0,0,0,0,1,Informal
1100,0.0,0.0,0.0,0.0,0.0,0.0,0.0,0.0,0.0,0.0,1.0,0.0,0.0,0.0,0.0,0.0,0.0,0.0,0.0,0.0,0.0,0.0,0.0,0.0,Neutral,0-0,0-0,0-0,0,0,0,0,Neutral
